-8.457539639760407226e+02,1.031066946014448831e+03,5.208784972957379296e+02,-3.399831017588963391e+02,1.410339466650190843e+03,-1.075408554633457470e+03,5.304149156972442825e+02,2.247113108457111252e+02,-3.522896919020452060e+02,-2.633944967438866342e+02,-3.317442657334576666e+02,6.650085911906229796e+01,-2.544846131023489590e+02,3.592516050193953561e+02,-1.942527281588947119e+02,4.115162586101858722e+01,-2.855651357273674193e+02,7.172528431532268200e+01,-1.326861616604176390e+02,8.910568651568661380e+01
2.632648305320959707e+02,-3.158162891935199923e+02,9.388086378189295829e+02,-1.500868362940616180e+03,2.264418197114812756e+03,4.926011453745363724e+02,-5.441396477380885699e+02,6.165719214853851327e+02,-3.318090888126902769e+02,-1.667246947349360084e+02,-2.425535363761147778e+01,-4.236906997387575871e+02,2.532723419326209466e+02,4.513477805410790324e+02,-3.625269638199374640e+02,3.884223797994657161e+02,-1.873006321932061837e+02,9.648367436480975812e+02,4.543047257961805485e+02,-1.029241067880611098e+02
-9.543368752967849105e+02,2.063170597798426797e+02,2.422799624418755229e+03,-6.170954481066552262e+02,2.640080298382932256e+02,-1.153666389911351189e+03,3.601768054365326179e+02,1.264520967636081423e+03,-1.837798028287796228e+02,3.798205996118414873e+01,2.232066070025479974e+02,1.605087886707911764e+02,-9.453056330258945650e+01,-2.383830774139283903e+01,-2.814649365315838736e+02,5.059717239345837925e+02,-2.859539029813208231e+02,4.467443957193952428e+02,1.311203683210427471e+02,-1.326362904034415635e+02
1.451562837159679873e+02,-1.163105141930599757e+03,-3.255690670174520278e+02,-1.145194775358304469e+03,1.378622558996971293e+03,7.318451675839412474e+02,5.939784699321556900e+02,1.018952841985872169e+03,4.294156792706132251e+02,-3.757693481617449720e+02,-5.622514995730325609e+02,-6.052990131872883239e+02,5.638279307738196167e+02,-1.356381763796965174e+02,3.396313762452634819e+02,4.501084412353123554e+01,-7.590769996168914986e+02,3.711807143768052697e+01,-7.781502805686178590e+02,-6.008016127132780184e+02
2.047770512559674785e+02,1.915492106264650829e+02,6.886516750948637764e+02,-4.528916814418780490e+01,6.698521569340563246e+02,-2.456775251438468501e+02,3.754777240094182389e+01,3.170794281237668315e+02,9.824168380835651533e+02,2.573723722653900268e+02,3.922848933740227722e+02,-7.259083923679366990e+01,-7.948118771959257174e+02,-6.121039855015396824e+02,-1.574284037786981401e+02,6.088904736428582964e+02,-3.330761363679625333e+02,-2.935730256946948202e+01,-2.410332954091021520e+02,-1.461184346497528281e+02
1.404555219787033593e+02,-2.020716587018399935e+02,8.565642324760472093e+02,-2.446939405363329570e+03,2.735824267637316098e+03,8.893002720746494560e+02,5.283163335914393883e+02,1.426146477770065530e+03,1.739540158188296346e+03,1.108339801126926147e+02,2.490788885942894808e+02,-4.087224636015453143e+02,2.695742824543066263e+02,-1.284145106059435193e+01,1.726641474484584364e+02,-7.105450953233301448e+01,1.081831128830014450e+03,-5.065284465030921979e+02,5.571161026512296530e+02,3.203368769799755000e+02
-1.187670378283416994e+03,-4.057110492856218684e+02,1.205038744466786966e+03,-5.053155847826135982e+02,9.295782158660801997e+02,-1.160397249090229707e+03,6.972750582248102091e+02,7.350748929910982952e+02,-2.026000299427185496e+02,2.277090510328713719e+02,-7.097617276889185689e+01,4.060398422015809388e+02,-5.088619676428638172e+02,3.747529621374978888e+02,-2.737770403793136893e+02,1.054581933991174481e+02,-3.847888282820478594e+02,3.244830301097529741e+02,2.892081693904223130e+02,7.183928332857522037e+01
2.338859306300482331e+03,-1.112626531862824777e+03,-1.598146156141129666e+02,1.313490868712077031e+01,1.684555415003831286e+03,-2.141466648932843952e+02,5.019023090923855648e+02,-2.356704755261841342e+02,-5.366045472852908915e+02,5.065659351577440361e+02,-3.317023261299829073e+02,1.820146659844444912e+02,-4.975685800878423493e+02,6.268609307976109903e+02,2.232065239866044237e+01,-2.973028954610306869e+02,-4.897393934166825602e+02,-5.965831033515019044e+01,-1.668130174604783633e+00,-2.922194468917027166e+01
-9.641218527279696673e+02,-2.673408296652213423e+01,-4.162693132024320448e+02,5.742649336512995433e+02,-1.132958544018936209e+01,-2.254175384682560548e+02,1.458343670688898897e+02,-7.310495725891237839e+01,-1.197877437474321596e+02,7.991297947157941053e+02,2.953724283626052625e+02,-2.624293937791935036e+02,1.493617017942675034e+02,1.959610410617387402e+02,-4.980670721589696655e+02,-1.705458540937652572e+02,6.823843847984121567e+02,4.010514542034744068e+02,-5.443239018605087267e+02,2.599393148463903458e+02
1.515676128138125478e+03,-5.705666856067670096e+02,1.556772595528537522e+03,5.954073009785843169e+02,2.077413801167360816e+02,6.534497988361299292e+01,3.563817148522565503e+02,-2.529148363339114098e+02,6.908727182185144500e+01,-2.862589169862610561e+02,-6.788308038652618848e+01,-1.312467574050530459e+02,-6.909779022010860672e+01,2.068463403678729833e+02,-4.506435674763363295e+02,-1.988013336262627035e+02,1.502181079638756955e+02,-1.917110283088438791e+02,-1.166800140435777848e+02,1.936214395383835267e+02
7.829713136818513703e+02,-7.889123703613705629e+02,8.347841744103458268e+02,-7.141327329691611681e+01,-5.277590764900097611e+02,6.990308726675230844e+00,1.342240421331710195e+03,-1.243807954855632403e+02,7.975253108889602061e+01,1.615944733866001570e+02,-4.127504274139367340e+02,-4.411853074849689733e+02,-2.421565644508573314e+02,-1.067449045101521250e+02,-5.869054073634690383e+01,-5.064895453094582649e+02,9.749628687803536309e+01,3.057556790523270251e+02,-1.104279789108744296e+02,3.270670526572517645e+01
-7.529009165687383529e+02,4.528448374110298005e+02,-2.317624058332849927e+03,2.580661483310796029e+02,2.202826492238040146e+02,3.684940469062283910e+02,4.002375351277606796e+02,-4.467112152645269703e+02,-6.770370331251581320e+01,-3.182084036436659176e+02,2.961221245856120277e+02,-4.358350512291356722e+02,1.802837099367151836e+02,1.481203855969280880e+02,-2.186082301846522213e+01,-3.589510578211454117e+01,1.632717938294060218e+02,6.757861267775281249e+02,-2.182555207713830612e+02,-7.978269533041898853e+01
-1.740161306143848208e+02,5.911622948381835840e+02,-2.684503906713193828e+02,-5.680524501017564489e+02,-6.816118670776710360e+02,9.390307952779702418e+02,9.248997305511196600e+02,1.296325169076686166e+02,-8.803179999906188868e+01,-7.491428298494365663e+02,2.700152195608983448e+02,-8.798113828764917344e+01,-1.286802023942281323e+02,-2.465823386739936041e+02,9.488293689421747956e+01,-5.926594276511299597e+01,2.134799234933040282e+02,4.468155122710210776e+02,9.088143790302584790e+00,2.941209441262624296e+02
-1.023258929356536328e+03,-4.191640569540494425e+02,-4.269438047079016201e+02,7.009430500404154145e+02,-9.709197770736818711e+01,-1.733521848929916871e+02,3.022140493140865658e+01,-9.775485333814914668e+01,-1.802909770329064258e+02,8.497545361942228510e+02,2.691525644194322240e+02,-3.270258227207323216e+02,3.319916462336637153e+01,-6.614385153935867834e+01,-3.761558026236847923e+02,-1.298924272731734959e+02,7.925541560714989373e+02,4.458205319366434196e+02,-4.913527586177336843e+02,2.654536091044230943e+02
1.235946675856323282e+03,-2.382421914272743777e+02,1.076442581219254862e+03,5.163439423563155515e+02,-6.977946483832974423e+01,1.881724685616434840e+02,6.901878128059719302e+02,-1.547830799650089091e+02,-1.616113480947138044e+02,-1.078863069891104374e+02,-2.382124531109269014e+02,-8.514490178112106378e+01,-1.319091090042686005e+02,7.323150626411586472e+01,-3.538110927112352329e+02,-1.108441286236997314e+02,1.834968176418565236e+02,2.951622040518584811e+01,-2.115091446191900957e+02,2.317958459197199659e+02
9.403266683699872601e+02,-2.279987851999632653e+02,9.917671445939142814e+02,1.400797287296176989e+02,-4.377969309279798722e+02,1.602279689682955279e+02,1.160010085941213902e+03,7.928656914027655489e+00,6.362321881544474422e+01,-1.491694585982298094e+00,-1.495654379195475485e+02,-5.967784304487400959e+02,-1.736486706337738326e+02,-2.215720673083436054e+01,-4.874590483769884486e+01,-4.375582581287505946e+02,1.886251893667651416e+02,6.201559579713466519e+01,-1.815441773137142434e+02,1.716031749000753450e+02
4.585536676373895943e+02,2.560570151469150005e+03,8.868903816128209883e+01,6.947382645509841268e+02,7.060385088924653019e+02,-7.694578358235584119e+02,3.249023968678401388e+02,-3.823460605004307808e+02,9.096070809501675285e+02,8.566197157415933816e+02,3.392586923034663755e+02,-6.024101178564137626e+02,9.044406138934760975e+00,3.799585018671533589e+02,-9.625063357216068027e+01,-3.876724225658019236e+02,-7.566446809954447872e+01,-3.907781588414493399e+02,-2.575131035341555616e+02,2.006302228306713857e+02
-2.978651296964579842e+02,-2.998369144887506650e+02,3.050690466394874875e+03,5.055822916036686365e+01,5.740492914428881477e+01,-1.102190239252759056e+03,-7.018094312625297562e+02,3.148608785821310221e+02,-3.490290024971357070e+02,-2.443046242948905444e+02,4.852883066102382372e+02,-2.926622727662986563e+02,1.807038050050370259e+01,-3.316242705693440485e+01,2.848055650041007993e+02,9.568823497367529285e+01,2.354303103609044712e+01,-1.026174742353679363e+02,8.098438425107757155e+01,-1.037788689285746386e+02
1.516265448257287517e+03,1.192629518471128449e+03,3.039629274404644548e+02,-4.788694457022302231e+01,1.963262373955946714e+03,-7.004988031074832406e+02,-1.341484097125225617e+03,-1.071750738694495567e+03,-1.579753923123165578e+02,-5.326990432059373859e+01,-7.054064909508637129e+02,4.667926140530414614e+02,-8.413356682396282338e+01,1.078522693403865844e+02,-6.062978114427417609e+01,2.546206962817872750e+02,5.822946508078811121e+02,-1.719979082473233802e+02,-2.590711819356140495e+02,1.691752179833807190e+02
9.920026618335974717e+02,1.097384404301073573e+03,1.597289597365036343e+03,-2.553798099592016513e+02,9.996706097719280137e+01,-3.946236235349881554e+02,1.037997266609843905e+01,2.651168259852979645e+02,2.915025224468752185e+01,3.723765438313002107e+01,-1.128094393914715141e+02,2.970139450703029524e+02,1.471649957211794231e+02,-4.701889357145531676e+02,-1.739909541535527069e+02,-3.834395462938238097e+02,-2.016999237308093882e+02,3.280159195414002227e+01,-1.587082565221061259e+02,3.260190821789354914e+02
1.489483671276067071e+03,-1.087530198655471622e+03,4.151649565309081140e+02,-6.820179256255453311e+02,1.169862684026263196e+03,5.919330255291646381e+02,-3.546507487753323176e+02,-1.179723323382886065e+03,-4.275252560480538477e+02,4.650201269786114722e+02,-3.288483364246648648e+02,8.625770873943215520e+02,5.831624097834708209e+01,-3.347421286279012520e+02,2.872289393715400934e+02,5.436222477273414597e+02,5.747086043536855868e+02,6.444979283567590755e+01,-2.270601023553311393e+02,-4.130233493815429142e+02
-5.397709363729897802e+01,6.931765328492317622e+02,2.014663610079379907e+01,-5.429932227983667872e+02,-3.642557426941594656e+01,-1.001651815521743174e+03,4.786233809523326954e+01,-2.360383372338034462e+02,5.846024496070633347e+00,3.921543287744020176e+02,-6.859818931684835661e+02,7.228811995832260209e+02,1.271754287295337207e+02,-1.222226430387327412e+02,8.794108526187940811e+00,9.881973918380093380e+01,-2.460078923248402560e+01,2.455634951056182729e+02,-4.971287988409230252e+01,5.847559441017656923e+01
-5.161640272333791017e+02,1.563415691166684837e+03,9.371276272263880855e+02,-6.912659657446504298e+02,5.537171562819025894e+02,-2.056817411759853371e+02,-1.112329415588608441e+02,1.796079742802196222e+02,-2.561831933280497964e+01,-4.897067576650658793e+02,2.036232543471353722e+02,7.102937988944979679e+02,-2.638503420960374797e+02,-4.643752003624570079e+02,-1.038746276752131905e+02,-3.789471200244229294e+02,-2.025076018521677383e+02,1.679990514031565567e+02,-2.305722837287319464e+02,-6.297310710559315794e+01
2.219886574703871247e+03,-1.360723734038521798e+03,5.939589013464478739e+02,-1.335979913738687941e+01,5.855504405521699027e+02,8.202066675448489832e+02,-3.942790933429627387e+01,-8.629370973721909195e+02,-5.477673263151864376e+02,1.888620134895243723e+02,-1.464429044710406913e+02,1.251122962958741169e+02,-2.138298496426928068e+02,-3.229386684161039511e+01,6.414829960960889821e+01,2.680230030257043268e+02,1.290508373329318204e+02,3.083258119315890440e+02,3.694000527718192473e+01,-4.724717992684782075e+01
2.165847285830300734e+03,4.746273754154088920e+00,-1.466034139721451993e+03,-1.987920998524181414e+03,-1.314440997156374806e+03,-2.005446141513655220e+02,-4.655113173091643830e+02,2.408332802496759371e+02,4.126996693991104621e+02,-2.541973080635999622e+02,-5.929149698514924438e+01,4.346775468624542214e+02,8.135801828700738270e+02,-7.353814773854168152e+01,3.578200660975884944e+02,-2.212634025245195630e+02,7.093897441779056123e+01,-2.859538949149116434e+02,-2.801022208786612282e+02,-3.092418282524301958e+02
2.851401428595208927e+03,-1.957365162950055151e+02,-6.658617014098770142e+02,-1.430463733902814738e+02,-8.048762163883552603e+02,-2.320567862957629757e+02,-4.804392841576535034e+02,5.405701642530161735e+02,5.713097112415814536e+02,9.718688310941198552e+02,1.103747746577406360e+03,7.506093077671776825e+01,1.249134397054609593e+02,1.167995665078475668e+03,3.506376476341305874e+02,6.375359329921891458e+02,-5.864558803547417938e+02,6.389064087823172713e+02,-8.002860958909235478e+02,-1.183477403067730052e+02
2.447960578457429619e+03,7.509143470934521929e+02,-7.798965762332034046e+02,-1.146870952255419752e+03,-8.911572046949673904e+02,-4.292864175922495633e+02,-2.155142404579614777e+02,-1.337072438216668786e+02,-5.092333130078210957e+01,-8.843276214315318384e+01,2.749436110816903920e+02,-6.233480332160276305e+01,6.985920782741631001e+02,1.707494717875228787e+02,2.543732216296652098e+02,-6.132447468056057005e+00,-2.436539832506532122e+01,9.978963677424059142e+01,1.835459254407377898e+02,2.210468487919974905e+02
1.959561409909925487e+03,-2.718869617171728237e+02,-1.888049249367884158e+03,-6.506158357461397372e+02,-7.881230762336679163e+02,-4.620977928161340174e+02,4.246638888680904529e+02,2.475221563268380010e+01,2.202068780698650698e+02,-2.191956334135695954e+02,-3.226775900697598445e+02,3.139260813175278599e+02,6.469235877215005530e+02,-2.402827211074916818e+02,1.522231818640991889e+02,-1.024886592967389163e+02,2.534501967011594559e+02,2.644721585211021875e+01,3.622071993920687873e+02,-4.774146993022638341e+00
1.250174063375121932e+03,1.983097721269893555e+03,6.625232511385797807e+02,-5.671677008392560992e+02,-1.001251051673174857e+03,-7.527364207870979840e+01,2.970192667955221850e+02,-3.549858638687328494e+02,9.836426158671927169e+02,-4.909907714579863978e+02,9.585780110474139804e+01,3.349586200719148223e+02,6.988937625416006938e+01,-3.870262341761720108e+02,1.260038519168693085e+02,5.782497701131979966e+02,6.102440470473477774e+01,-1.531686590074219509e+02,-6.169127570802063332e+01,-6.757578167056124130e+01
-7.288335014343490457e+02,-1.761320774622436716e+02,-1.362107799429051056e+02,1.906145894359406157e+02,2.771334699318369843e+00,7.149183771245836283e+01,-5.126379928279897058e+02,-5.710246628530935595e+02,1.311147568458621663e+03,-3.465047029442858388e+02,2.264532234806449367e+02,5.558201678131257495e+02,2.653884136166005874e+02,-3.624258291931524809e+02,-7.522877762657512903e+02,-2.218494704075512800e+02,-1.342508438709968743e+01,4.442260894134964246e+02,-3.416128751916493798e+02,-3.105054223524459758e+02
1.728941980918658146e+03,1.387663709632370910e+03,-1.991756894574002104e+02,-1.265272116243464097e+03,-1.135228634406973242e+03,6.804687856080701636e+01,-5.918334668002735270e+02,-9.004669156277691400e+01,2.150736006404457612e+02,-4.442249564859334328e+02,1.211583981336933249e+02,2.039438951309607546e+02,1.877338679813339866e+02,3.507366643150504615e+02,4.885925581252038796e+02,2.811014735226143557e+02,1.554987049996289272e+01,-1.880497279554198542e+02,-4.928531134187124962e+01,4.495342091859697575e+01
1.903162271144645501e+03,-1.223139856160515819e+02,-6.688424054339227496e+02,-4.256408239817729964e+02,-5.346915102680528662e+02,-2.343857170030932480e+02,-6.830352228241299599e+02,-8.964327276175139332e+02,-2.894445811129186268e+02,-9.256387440560648372e+01,9.967330633297250415e+02,-6.503057054479581893e+02,5.908104821943987872e+02,2.262254764105551317e+02,-4.138419929720571417e+02,-2.448231064999654620e+02,-1.674433167834999097e+02,1.359043189116730161e+02,9.524469418713158575e+02,3.214941570256650607e+02
-2.227835334046934804e+03,1.567079030895220058e+03,-3.192647162369132730e+02,5.617051691825232638e+02,3.282417115257717910e+01,-2.801001482136207983e+02,2.565383561266133938e+02,-9.356727666442729969e+02,9.742474111139285924e+02,-4.359266777290349637e+02,-2.298193743221295904e+02,1.237513970385183342e+02,3.847424982101159685e+00,8.864296610683790334e+01,-9.556732972711941443e+01,-2.979442877559743010e+02,-6.174540048034954225e+02,3.068961100844129533e+02,2.523288516580635132e+02,-6.162671982788497189e+02
-9.906059167169519242e+01,-2.219986100600352756e+02,4.965155106006139931e+02,-4.739861392765441224e+02,8.290471218927222026e+02,4.120713264047200255e+02,-3.123726095821129434e+02,-1.168659808892342426e+03,-1.313956333347626924e+02,7.113919970404158448e+02,2.930189830794064676e+01,-5.210199325636377807e+02,4.931691369201625434e+02,-1.784505862132791663e+02,-2.150672223625786899e+02,-6.839713504659703176e+02,-6.116834096224389441e+02,-4.057713669249584143e+01,-1.017061941821686872e+02,-5.053100113184492557e+02
-5.569382225052049762e+02,5.896184301568208639e+02,2.190591478098960579e+03,-2.477309167102325205e+01,7.025180217072495452e+02,-1.346657554084588924e+02,-1.807479773393071127e+02,-2.199674597936186160e+02,-3.625250286571120455e+02,-5.783855564972943739e+02,7.465461285692845195e+02,4.737857924088649497e+02,2.119298000724376152e+02,3.661753889036414478e+01,1.445847688062935958e+02,-2.745004455998672199e+01,1.999146210872559379e+02,-1.833679469692496866e+02,1.016410405252702276e+01,-2.452905221873042478e+02
2.701915455197829488e+02,1.540815433299228744e+03,1.507994543712927225e+03,4.452646848562463333e+01,-3.153617075091115680e+02,-7.609717895728143731e+02,2.971949702508648556e+02,-2.218716071934070726e+02,-5.766321143779191516e+02,-2.981276731406651948e+01,3.096523078110330971e+02,4.267197715488017025e+02,2.641447754102711656e+02,-5.774700361376215341e+01,-1.257588132617523229e+02,-2.030542115577799223e+01,7.853405096491653126e+01,-1.859182629876048054e+02,1.197936669501549005e+02,-2.661586505287822320e+02
-3.485171455824385021e+02,-6.840273122358528326e+02,2.065236226454508994e+00,5.808595151545645052e+01,4.152048507171404026e+02,-3.691244005042300103e+01,-2.776602751135669109e+02,-3.355462726702204463e+02,-5.778986726777886815e+02,1.374599442742510860e+02,-1.091688012994305836e+02,1.251738701889192953e+02,4.122775589568481109e+02,-1.431932778224313552e+02,-9.143542240621452777e+01,-2.557515599428674022e+02,-4.607599468724280314e+02,-2.018091561731521892e+02,2.308010726976902447e+02,5.535835065662911347e+01
4.813385081851485552e+02,-5.214913507673340973e+02,5.330513650145285283e+02,-1.674312846335737959e+01,6.399508541242286128e+02,2.661091099602662098e+02,-1.235761138854069117e+02,-4.463952794249263434e+02,-2.544297426430747180e+02,3.782474547784498498e+01,-2.783317547055193018e+02,-3.254474585819060017e+00,3.913570772111786482e+02,-2.138673363819419251e+02,-4.643994130538926015e+02,-1.121961358067766810e+02,-1.081429915681849430e+01,-1.012968835039084325e+02,2.772682197007960099e+02,-1.740774401850140976e+02
-1.050434506252977371e+03,-1.525534225031119831e+03,-7.979202199365921615e+02,-2.198857768565093238e+02,-4.378198316618204444e+02,2.454507898270643977e+02,6.071903364289319143e+02,2.361130141497110912e+01,4.135969461422506015e+02,4.552554528718349047e+02,2.967810149746624688e+02,1.309402173343980394e+03,4.934178524507499333e+02,5.779897332059540531e+02,-2.424626527452510629e+02,1.036361893832982162e+02,3.979366779373741281e+00,8.388991639214670215e+01,-8.376603855360573903e+01,1.864158551862033733e+02
-1.644202775832986845e+03,9.940515404951132723e+02,-5.195268159913299542e+02,7.066039954493641062e+02,-1.357260821410174572e+02,9.501522344260629325e+02,-1.926837357624228559e+02,5.405861519217971818e+02,-5.047132760144561985e+02,-1.768179368071482429e+02,9.023625698501550687e+02,5.809935750648118358e+01,-6.927920099510264436e+02,-5.811511341376171913e+02,2.224678517438418908e+02,4.861938486768182770e+02,8.218655627562375798e+01,1.734599739720868570e+02,-6.788985948390731551e+01,-5.447856045463820465e+02
-9.471907023269095589e+02,1.331859388820232880e+03,-5.524286072272537922e+02,1.333125114324122933e+03,6.427193901479263332e+02,-3.091675452627048344e+02,9.903107979250632980e+02,3.408510627826087784e+02,-3.631319523898411461e+01,3.342018117502688028e+02,6.260916516045040225e+02,7.189319852183597277e+02,9.073052223894031840e+02,3.034403541053468985e+02,-3.957802584654091049e+01,-4.009488971879280825e+02,1.450802414615718590e+02,-7.432814997234208931e+01,2.127248342304903872e+02,-1.412560407996731442e+02
-1.747211561490053100e+03,1.511492315948643409e+03,-1.116967555523138799e+03,-2.673404345431055162e+01,4.041330144564856255e+02,7.156528539532150717e+02,3.606871638818236079e+02,2.379634703980262316e+02,-7.468171822046671195e+02,2.366735375934642889e+02,2.871909111731077928e+02,-1.629307984811580923e+02,4.512644163497253658e+02,-4.852384514245865148e+02,5.795770255227274674e+02,-8.772802331760875916e+01,1.274780457061290520e+02,9.817802143231988055e+01,-1.582855419503339931e+02,-2.403147983847345017e+02
-8.398317721245557550e+02,-2.442620900737977649e+02,-1.359304241103878667e+03,1.257500966736262740e+02,7.582062700931956556e+01,5.622527091243624682e+02,-3.195640594945668909e+02,-7.748338072755404937e+01,2.133250206003588119e+02,9.941574944293682847e+01,-2.797325736432916869e+02,-1.930288827899789794e+02,-3.326291380842885559e+01,1.383167722967949658e+02,-2.595567052049444356e+01,6.222054187671585623e+01,1.918503998404236910e+01,1.124096922938545049e+02,2.277558930412756411e+01,1.399106599813187870e+02
-1.060546637370912549e+03,2.357036396070716364e+03,-8.546818404925878667e+02,3.258896509478100825e+02,-6.261247188796235719e+01,3.157697051904752925e+02,-2.753779154204921156e+02,2.400813201831390415e+02,-2.184755194448466966e+02,-3.498498283157906599e+02,6.466631950699579647e+02,3.228142191237207044e+02,-5.667030902472050684e+02,-1.546495532440815737e+02,-1.987522715535692726e+02,8.607353001001717985e+01,2.416032126232220776e+02,9.007166941387360737e+01,1.440468210925346781e+01,-3.856654902833230949e+02
-8.546282600792375206e+02,1.194966501178083945e+03,-4.664662041904310286e+02,2.063800387469374442e+01,5.952639575925654754e+02,5.072111553735475695e+02,3.696806284860670075e+02,-1.863739561835231768e+02,-3.313002466914704769e+02,1.099225295287300810e+02,9.056678144026672328e+01,4.432233476590670307e+02,3.082714294497666287e+02,-1.889616679638811831e+02,1.419009121275279881e+02,3.375298759849812313e+01,-2.907873940960361097e+02,-4.496826692085344916e+02,-8.917624548793889971e+01,3.415515100474793542e+01
-2.085442527532683926e+03,1.511252686810456680e+02,-1.035060552650799536e+03,-5.301830961068974091e+01,-1.404936391655517696e+02,1.279007162445280272e+02,-5.468813012715329478e+02,1.021631996005184192e+03,-8.624837130099217575e+02,6.029881545734671136e+02,6.100612572726099643e+02,-7.739800001783899575e+01,1.215707218574862907e+02,-5.508753242816613920e+02,1.344683553112602681e+02,2.580078535332058891e+02,1.569246216106586473e+02,-3.475961579568510160e+02,8.355455279134275770e+01,-1.087470004009963276e+02
4.071270038390711647e+02,6.131439903572218100e+02,1.067086870073009777e+03,3.749512754079193201e+03,2.123326476380474332e+02,6.351885828939704197e+02,-4.221772655866250261e+02,5.246593964102571590e+02,6.234487064958389055e+02,-1.939835380629136807e+02,-7.057715571116600586e+02,-2.631763237173547623e+02,1.162260060753508469e+03,-4.485486416395714286e+02,1.730053756700543772e+02,1.379837319692002893e+03,-3.364443132445080664e+02,4.048811564916741759e+02,4.631631272156072896e+02,7.058332808593853542e+02
-4.150564722589098778e+02,-3.021718904876296108e+01,-1.480710956029539147e+03,-1.043937205677053726e+01,4.688987441795479185e+02,2.290600628819341296e+02,1.072673939590334385e+03,-2.679570004839433182e+02,-1.010070347156628259e+02,-4.624525183038250020e+02,-1.796439386986570526e+02,-2.785415918647479998e+02,5.855230362588481796e+01,2.305383733295932416e+02,4.358367811425359832e+02,2.186417234099141638e+02,-1.525442155856561612e+02,-3.037831621678544138e+02,-3.992627823954471467e+01,-5.610117120969874804e+00
-1.638471132803527325e+03,6.771690512676028675e+02,-5.753071301947766187e+02,-1.872851138002793192e+01,-1.083535489502160942e+01,-7.262200373637554094e+02,-7.943097242273998404e+01,-7.824462827788497066e+01,1.263042632392056248e+02,2.888864767701143421e+01,-4.167701701263504788e+02,-5.257324517472465004e+02,1.761424494900749949e+02,-1.028512340816751305e+02,2.372668976336285596e+01,-2.308556537054155626e+02,-7.008474621937514826e+01,-7.883976137124983552e+01,1.408847426903223550e+02,-6.348125590407047270e+01
-9.258162367145757798e+02,-1.585263920564431828e+03,-1.476302032594380989e+03,3.816814786737971872e+02,4.334060118081030168e+02,-2.286500799897340244e+02,-6.935565002916189314e+01,-2.038479997802351136e+02,-1.262876743950139655e+02,-2.714092840060185949e+02,-6.577737177912024435e+01,-8.790276999583892348e+01,-2.054336813890168401e+01,1.218367319365687536e+02,2.812872831599198093e+02,1.202725048951332099e+02,-3.968447134647255439e+02,-4.052893155545465333e+02,-4.009651130334729032e+02,2.368985543781079173e+01
-1.073484831244741599e+03,-1.215971309280409059e+03,-8.983473660516469295e+01,4.148688209840947820e+02,1.652600707769767041e+02,1.119896251097348170e+02,-5.625453544401842265e+01,2.269503145999749449e+01,2.219650927036427674e+02,-3.158303434489656780e+01,2.088214977181335144e+02,-2.373093685508488306e+02,-1.255322987145499383e+02,-1.005373812187905003e+02,1.885615885957039666e+02,-3.341357665237764252e+01,-2.145111182974121107e+02,-4.757952726635983822e+02,1.306771671836881410e+02,8.995792670972346627e+01
-1.112906706036817241e+03,-1.584973936598188175e+03,-5.337627492210212949e+02,3.416483306121900796e+02,4.416354436932766703e+02,-2.064943011339458394e+02,-3.090167870741623801e+00,-4.134678413813425095e+02,4.596456979146972230e+02,-2.334164621246227966e+02,5.832679396143047512e+01,-2.367963243417040928e+02,-6.124912096118995919e+01,-6.870353892601045231e+01,-2.155671653233454421e+01,9.259771778599558445e+01,-4.277409284862600458e+01,-4.855311586329017928e+02,-3.882464884349960954e+01,4.130441874414475478e+01
-1.216346854479441618e+03,5.646478205544175353e+02,-1.074705216305814020e+03,1.380284458569870765e+01,8.128637285721931676e+02,-3.483334905897449403e+02,-2.950427926346813479e+02,-3.949484099379363329e+02,-2.682815131186337680e+02,-4.945492430345028652e+02,-9.277300486621459186e+01,-2.469932542118665140e+02,2.298476911906048414e+01,3.079740914829188227e+02,3.931522742171355844e+02,1.099429482088432906e+02,-1.003743137039847682e+02,-2.822692737413665895e+02,2.186924275312759036e+01,-1.426453841645018770e+02
1.043275780410553807e+03,-1.052649245462191175e+03,-2.737883769633538691e+02,1.784126370033571902e+03,9.082090303254983610e+02,-3.789429319350839478e+02,2.323673559578136292e+02,5.751790327105277356e+01,1.354660734707737220e+02,-3.031839601420182362e+02,2.139694800620411002e+02,-4.063077446002272097e+01,4.337124562096710179e+01,6.322084447238420069e+01,1.480245092728506506e+02,-3.512399984178611021e+02,1.289249112048018731e+01,-8.547130294765256053e+01,2.908556131323814498e+02,-2.928997992528790633e+02
-9.184954358864197275e+02,-5.362016764587976922e+02,-8.067992102727640713e+01,3.653314357540438095e+00,1.451010372256401126e+02,-1.820328563302952034e+02,2.756713135844044018e+02,-4.552354082333787915e+02,8.725297347670567660e+02,-2.770731144501893937e+02,-4.337829481571726831e+01,1.123115695946073345e+02,-6.244629094607279285e+01,-2.787584568446534377e+02,-2.298924120790927361e+02,4.880711754611108972e+02,-5.214952425615039999e+01,-5.291904466405071616e+02,-2.038962984260543863e+02,1.202489300915443948e+02
-1.407081072359323343e+03,-1.846830991836822250e+03,2.185237520494687942e+03,3.020845570684297172e+02,-2.253817840986579029e+02,2.211249162749619046e+01,-4.824010976129987966e+02,-1.958056007192083996e+02,-2.655976582653503897e+02,5.625262935816599708e+01,4.355551256284743431e+02,-3.202728298955117907e+02,1.090632213368349426e+02,4.167035304359152974e+02,-2.710580104503619054e+02,1.041938407557523760e+02,1.702685278165108684e+02,-3.541790962369694853e+02,1.421281618290864657e+01,-1.509919509623238980e+02
1.893269117723595627e+03,2.421314096424952822e+03,1.106097998168888807e+03,5.273554670292162427e+02,-3.556683379296075600e+02,3.026135512782616388e+02,-4.029547271449022219e+02,1.055454219642184626e+02,-1.900073930747489328e+02,2.237725221149540644e+01,8.065252582719591601e+01,-1.194620657011304843e+02,-3.711486637178125534e+02,1.613730353828559032e+02,2.222124818978498979e+02,-1.674687613883607469e+02,5.953737037469513638e+01,-2.757924496371617806e+02,1.013631434372831421e+02,2.129223650758470967e+02
-5.149845985418362488e+02,1.251524254757869130e+03,8.654394394393569883e+02,2.671875576784885311e+02,-7.176141309343237253e+02,3.899944117722290571e+02,-3.811537910393987545e+02,4.816205857340020771e+02,-5.065630656904056650e+01,2.284739604185883479e+02,-1.549935618251224128e+02,3.007567692139649580e+02,-1.692054379756541493e+02,2.926361279079360429e+02,6.742864546106575574e+01,-2.865036862064744128e+02,2.373122608485801379e+02,4.552668587768886255e+01,1.442689162770289215e+02,-2.357043504621884722e+02
7.726710334458897478e+02,1.789289693699953659e+03,-1.116535971926848561e+02,2.380785448468921572e+02,-5.638616455556468736e+02,1.212284787459366044e+03,-6.120206795476846082e+02,3.496605542600879062e+02,1.171331936358661636e+02,-2.464895737931119015e+02,-2.401413749769588435e+01,1.265294002518791956e+02,-4.217160378012309252e+02,1.025349395145145479e+02,2.000897506187550334e+02,-5.350234970590764760e+02,-4.682893013345628219e+01,1.388687469366787468e+02,-5.109955665731541785e+01,2.827964285516904965e+02
2.000439791117878030e+03,9.801541748674284236e+02,7.434274806476828417e+02,1.279013744401208442e+03,-4.667317604009720355e+01,7.740251442439681568e+02,-2.237777598783546580e+02,3.803402403136177412e+01,8.869183972012291406e+01,-1.043879622701600063e+01,-1.913504688071530211e+02,5.247599893464705190e+01,-2.741415086754601589e+02,1.788861407197233859e+02,1.245304177611145917e+02,-2.484735629468854086e+02,-6.716560300427285313e+01,-3.509329656165354550e+01,2.255521047879977914e+01,5.144614993905634037e+01
-1.017899756375050515e+03,-2.590950227748911402e+03,-2.400671138736222474e+02,-2.620251642463284725e+01,-2.414754630395513288e+02,1.181134902287485318e+02,-3.190171487274234323e+02,3.342987235857402766e+02,-1.470764614486741948e+02,9.070988179232064397e+01,1.238637657605316633e+02,4.676953625422119387e+01,5.816976336400547609e+01,3.849246263249762023e+02,-8.416536889161930901e+01,2.386489173454802426e+01,1.943389408515127457e+02,-3.547330316651681414e+02,8.155056703596638101e+01,-9.912529247754429207e+01
2.000439791117878030e+03,9.801541748674284236e+02,7.434274806476828417e+02,1.279013744401208442e+03,-4.667317604009720355e+01,7.740251442439681568e+02,-2.237777598783546580e+02,3.803402403136177412e+01,8.869183972012291406e+01,-1.043879622701600063e+01,-1.913504688071530211e+02,5.247599893464705190e+01,-2.741415086754601589e+02,1.788861407197233859e+02,1.245304177611145917e+02,-2.484735629468854086e+02,-6.716560300427285313e+01,-3.509329656165354550e+01,2.255521047879977914e+01,5.144614993905634037e+01
4.604395439197872975e+02,2.319309023009548127e+03,1.339446702675488268e+03,6.064085298800735018e+02,-5.854381162657962250e+02,5.347004538104645235e+02,-9.657170953538471281e+01,4.030041721487472159e+02,-7.163450969026094128e+01,-2.089975362328834194e+02,-2.838019753826158649e+02,5.229674667504963281e+01,-4.828129166511420181e+02,1.008893274856609850e+02,4.773653066156367686e+01,-3.571149192796414127e+02,9.289381143619841907e+01,-3.044215139603392117e+01,2.652733323411442257e+02,-2.245482796712904872e+02
7.986232425707987659e+02,-9.646506291505367017e+02,1.684698584662358599e+03,-3.905574459273517505e+02,-1.897638061745915593e+03,6.087973497259493172e+01,1.610941586138062348e+03,2.712931942482999830e+02,-4.114294945935682222e+02,1.203050441871499459e+02,-2.079150712912843346e+02,-4.265916780399251707e+02,3.751660362635653314e+02,-3.919295364912679247e+01,3.650568116072781777e+02,6.514804766838958017e+01,-1.417945842491131998e+02,1.371961169220022327e+02,2.020446743454924956e+02,-3.584906513072556891e+02
-5.425928106546939489e+02,3.070412143606702102e+03,4.896389363420280461e+02,-6.392552170390313222e+02,2.044630198264875389e+02,-9.415253053229145053e+02,-2.065946712649464700e+01,-7.694114259994244094e+02,-4.244032315407209808e+02,6.737746156562646149e+01,-1.718046675910153738e+02,-7.329792250860900822e+02,-3.461775716504294564e+01,2.912734124628252630e+02,6.798457186923964173e+02,5.176226270658330577e+02,5.610651665524852660e+02,2.299941797181123775e+02,-1.770109562942753598e+02,-2.484569970783556414e+02
1.305481126635314922e+03,-3.425852350445860566e+02,2.581223897620421212e+03,-7.066147363099830727e+02,-1.442409540043791139e+03,-9.722420339798582063e+02,-7.037375960630355394e+02,4.569236419717406079e+02,3.998151188912160023e+02,3.260226759505978862e+02,-6.733693759491794708e+02,-5.226575359659528885e+02,2.054915340267658053e+02,-5.451291243931592589e+02,-1.029482250502987313e+02,-5.245081529672062004e+01,2.060713821702593975e+02,-1.285690894584827220e+02,-1.670279554687487291e+02,-3.909925621687318653e+02
-3.553396894559948578e+02,7.770470697085605707e+02,-6.711454070996504697e+02,3.815155873123904371e+02,-3.664373002564501292e+01,-4.325134029756683276e+02,1.487803077911267451e+02,5.342171803077409322e+02,-3.123369621281777313e+02,4.023780685308327634e+02,-4.801951208210539335e+00,1.513133092126181793e+02,7.546581111680515050e+02,-3.797965868003614673e+02,3.038792427628758119e+01,-3.737830615785221084e+02,9.979107747289631902e+01,-1.123299502219180965e+02,-1.421645310738116734e+02,-1.365129202758384395e+02
2.035760484174989415e+03,2.525592975509565576e+02,8.289407527298027389e+02,1.991889175018352944e+03,-7.522073538451037678e+01,1.047340357841800142e+03,-5.240196905141987145e+02,8.036064562798646875e+02,2.323094496739413160e+02,5.511550054825672760e+02,-4.676811923034538268e+02,-1.160491126193940516e+02,3.536182055941238218e+02,3.482172708089325965e+02,2.590297935713751087e+01,-1.274389081824223808e+02,-1.140175884448463961e+02,-2.343825706575342736e+02,-2.157305804365536517e+02,-6.020737132495505648e+02
-2.421883754857281019e+02,1.713044973912150454e+03,3.768481645029607989e+02,5.219664857342856124e+01,-2.227923466580967897e+02,-9.725943608282582886e+01,4.676120685663112795e+02,-6.160189550138516097e+02,1.814842046873248478e+02,-1.477044506917376907e+02,-5.009272486482036157e+00,-3.503786296951950590e+02,-3.225123252055730205e+01,-2.837857414178303088e+02,8.044645582736222877e-01,1.937463239123351570e+02,-1.996278685218525197e+02,1.096948804392593075e+02,1.225192879873379326e+02,4.315506590212137894e+00
-2.690727498071643708e+02,-2.674378146050521991e+03,-3.951606738330576718e+02,9.510804028119996474e+02,4.335880955052470540e+02,-1.000861718815995800e+03,-2.721741794692871395e+02,-4.225320189813317029e+01,2.271854980896632128e+02,-7.850077851926384938e+02,2.925471638848864586e+02,6.229975262219785037e+01,-7.423170073135179337e+01,-3.264046108225176681e+02,9.979302311686003577e+02,-5.435360417975361997e+02,2.310309554809150541e+02,5.068583869015452592e+02,-2.073930527966731461e+02,4.060040913284649378e+02
-8.381683427976702205e+02,-6.954345325397072202e+02,5.141169004829599771e+02,-4.869477997673023424e+02,-4.866523286728365747e+02,1.025949270652269888e+03,5.345607795866181959e+02,-5.386256977968225783e+02,3.607920407007005679e+02,9.425076882444794819e+02,1.518541373228721909e+02,2.732535590427857031e+01,-4.070622360771617423e+02,-2.191068556845956152e+02,5.153963508308547716e+02,3.538796115105102302e+01,6.054625343300177320e+01,7.743256166772502525e+01,7.663419823947708664e+01,1.609635779709331587e+02
-6.207436699012589543e+02,4.412670707429300876e+01,1.066018796041900941e+03,-1.627080193776545798e+02,-4.914965288298331529e+02,8.465742724111120054e+00,5.132058408133800640e+02,-7.916188496360623503e+02,4.566654838226830861e+02,1.053628277355739101e+03,1.844043439360770833e+02,-7.051546452617355953e+01,-5.958835391130902508e+02,-3.114200793038965571e+02,3.132480546497150726e+02,3.277888574482745412e+02,2.452343644646283849e+01,-2.082382245850482150e+02,8.635905928182464208e+01,2.179965648238542428e+02
-3.936028358922087591e+02,-4.767106402663347353e+02,4.995355754454997168e+02,-5.751386064803487841e+01,-4.489400220513302884e+02,-2.189045718977260151e+02,3.330085808177228728e+02,-5.430487981830194713e+02,-1.655146931372877930e+02,5.609911388419264995e+02,-4.403151776762127270e+02,5.623925935906705718e+02,-2.333602719093400140e+02,2.493364465475586371e+02,1.023744467813896080e+02,1.589594940678062187e+02,-1.788470603998166268e+02,1.069972438905635670e+02,1.990562165420926988e+02,1.892660244258476610e+02
1.497433553023198272e+02,-5.262466563443582572e+02,1.019655015822439395e+03,-4.046248949706838403e+02,1.345705132034538565e+02,-7.499773018008283998e+02,-9.666131693682957575e+02,1.837459160601044914e+02,-4.161874714036476917e+02,-8.160739088487963500e+01,3.531476119598611945e+02,-6.917941910430890573e+01,-5.089952535898007113e+01,1.010182283637139733e+02,5.345152106839872204e+02,-2.973996670827929734e+02,-1.901735926355872550e+02,-3.513915385981613895e+02,-1.724838937439799906e+02,4.705267700868440670e+02
-1.162386645206945332e+03,-1.015397757415406204e+03,5.085265178893662892e+02,-2.019887941189315370e+02,-2.659199916102988936e+02,6.104802123049264537e+02,-1.277905048074028684e+02,-5.389964947785520053e+02,6.485686529477517297e+02,9.247716214687231968e+02,9.607733568258926482e+01,3.549445588376401020e+02,-3.891234749414724092e+02,-2.879506908703484100e+02,5.955562545808512596e+02,-3.846361501183932319e+01,-2.890999245720104796e+02,-1.598678789597452408e+02,2.016566667735756937e+02,1.303035178824369495e+02
-2.473411836184868207e+03,-4.639252992956283492e+02,-4.124085099061610293e+01,-4.901378488414300705e+02,-4.252585458625971455e+02,4.419397622976866273e+02,7.757055960450802701e-01,-3.845937197669367151e+02,6.300522918417306073e+02,7.180208286778106412e+02,5.882359288283993237e+01,2.644309444647421401e+02,-1.677754814045158014e+02,5.122198607487405297e+02,6.345346619373016210e+02,-2.688505635553965476e+02,-1.468505083959977355e+02,2.797485149996829819e+02,1.027462659994481328e+03,-3.195683366337394915e+01
-2.634243064476822269e+02,-2.349432818940648758e+03,-3.407759535926817875e+02,1.039304250969393706e+03,5.653025383205429080e+02,-1.022359860512078512e+03,-3.530536684900945943e+02,-8.174022038262086198e+01,2.373284339972635735e+02,-8.236112965147056002e+02,2.799838811879138234e+02,1.795061386721262409e+01,-1.125431054434220925e+02,-3.513069781685140356e+02,1.046212545747878266e+03,-5.162528694864304271e+02,1.958039246513686180e+02,5.497593122692358065e+02,-2.715112249063110426e+02,3.812822833988148545e+02
-3.165646198790727226e+02,1.272901548842433158e+03,-7.499053591825165768e+02,-5.273410831367002629e+02,-3.999169174005821787e+02,-3.874581833584093715e+02,2.832393713514478577e+02,-3.014522878714835770e+02,-4.794591674059432762e+01,-2.281295301261389454e+02,-1.666020353896206529e+01,-4.063954724958176712e+02,6.580756759818430623e+01,-2.898147809816082372e+02,-5.701388492949033662e+02,3.730886686190734736e+01,2.436030716193380954e+02,2.134617147992859145e+02,3.544486441884114925e+02,-1.342920238241363506e+02
-1.374238652521667291e+03,-1.114674661286942410e+03,-4.554667296905388412e+02,-5.308674278634672419e+02,-6.826836379508190475e+02,-6.758012237838131568e+02,-6.540239278845311901e+02,-2.413718617806351858e+02,4.342641960153843002e+02,-7.058564561273541926e+01,-1.151624100714818866e+02,-1.091907074244789726e+02,-2.699867794425597367e+02,-4.080855148127687926e+02,-6.008665102615450451e+02,2.430819755621961349e+02,-3.258790379052059052e+02,4.823430474556101188e+01,2.369281362761923333e+02,2.174009068707835297e+02
2.280378165959697071e+03,-5.878149128378648811e+02,-3.885119951510765759e+02,-5.516499702289522702e+02,-3.169428628946855611e+02,1.507962020881917624e+02,1.276213902412413859e+01,-3.415413988266587353e+02,-3.776874298371134273e+02,5.556999160799895208e+02,8.479893673121603115e+02,-5.820327363326998693e+02,-2.188514455595042705e+02,-9.446630419798955245e+02,-5.095269997939144559e+02,9.189493388998747037e+01,-3.646180625477853141e+02,-7.374106363700953182e+01,-2.790274725732518846e+02,1.641423267447332819e+02
9.684184562987655909e+01,2.333634534027923110e+03,-7.609081871884036445e+02,2.688654894169118279e+02,1.832117049181053403e+02,-7.407749645954241657e+01,3.699427830621323210e+02,-6.002267799405202595e+02,-1.881953301584752296e+02,-1.552943283027478856e+02,7.571358273256882399e+01,-3.806065601360785990e+02,1.086471341595310349e+02,8.372751082550713875e+01,-1.533814037976825659e+02,-1.783727768848591495e+02,2.241735864026825027e+02,7.583242730533990539e+01,-7.622873179413994649e+01,-5.776631455219984446e+01
2.495700057222345549e+03,-1.078105016460617207e+03,-1.731496770607928283e+03,3.489938507868251918e+02,4.512113108049124435e+02,-2.965957722469788109e+02,6.794938374497453992e+01,-1.170889884524309110e+02,-6.691519716361516430e+02,2.350029752874434053e-01,6.098412151803049710e+02,-2.428785561579418868e+02,-7.235195938469672683e+00,-2.009463024014793291e+02,-3.330910829831985893e+02,5.164968486668407195e+02,-1.110763126407745744e+02,-4.172210109170216015e+02,4.943566584384273028e+02,1.334437368233210464e+00
3.121893276293346844e+03,-2.735176492114883331e+03,-2.183797408405125680e+03,5.130728073824091098e+02,-9.086271903811075390e+01,-2.397919147175776402e+02,1.013916433852306227e+02,1.017423241980727653e+02,-5.989962210469582260e+01,-1.819008935468513073e+02,-2.490860269873174957e+02,2.248227019683093033e+02,-4.094490554544787528e+02,-6.982594529507194920e+02,-1.316022010652578160e+02,-1.502359496191841117e+02,8.389248438895771187e+01,2.502120075139483220e+02,3.227196703759216803e+02,-4.982713445254781846e+02
-1.741448012640405977e+03,5.733840137493610882e+02,-2.456831588552396170e+03,2.364779932325681955e+02,5.494460486658468312e+01,-6.434414886271160583e+01,-8.433400613895322522e+02,-7.297548365034047890e+01,3.680101409044092406e+02,6.864760562898082981e+02,-5.299892847540804723e+02,-3.468305812420366863e+01,2.604256902084078433e+02,1.446384049660476308e+02,-4.424991596425385296e+02,2.564818839164432234e+02,3.863553341221233950e+02,4.947404771170248239e+01,-2.861737381042267998e+02,3.111251239430751525e+01
-8.300568768658725958e+02,-2.033886827887632307e+03,6.275865195859080359e+02,-3.338026969218952900e+02,-4.200410831630896951e+02,5.408976309535390783e+02,-3.207895884674015861e+02,-2.037261343322958567e+02,2.573340442980534704e+02,-3.618338060428621361e+02,5.531103146905924461e+01,3.261098751566902365e+02,3.799118973787963682e+02,-1.065757454873084669e+02,-4.648351171660282830e+02,-2.046389905181799520e+02,-7.954203917716274930e+01,2.508089485582769669e+02,6.164270606136673791e+01,1.079486794589229817e+02
1.086107798724286795e+03,-3.225494554172166772e+01,-1.698449520210150240e+03,-9.811926926160758740e+02,-4.734980545596690149e+02,2.541156415219113569e+02,-9.926469745391113975e+02,5.294117686211291129e+02,1.453912353818446661e+02,-5.980765510087681491e+01,-2.232441873585233054e+02,-2.474085572846706498e+02,-4.988335723235509249e+02,2.645984892819607808e+02,-1.960009881801770462e+02,-1.890917023291723922e+02,-1.152094966702890702e+02,1.244855651266845484e+02,1.037338813140527947e+02,1.578121135252057741e+02
6.456280567879509817e+02,-8.416767951428303149e+02,-1.004098270449498159e+03,6.332681822596617849e+01,5.016525307352583241e+02,1.967085932609719237e+02,4.677903854731991942e+02,1.211386757392784830e+02,-1.143003398831443320e+02,-1.294669531366037916e+02,2.226682618069564512e+01,-3.700764215022565651e+01,-1.213887365533693696e+02,-3.151439359056636391e+01,-2.541957676236096404e+02,-1.138767220896018131e+02,1.868701016414553706e+01,-5.531916497123225440e+01,-1.073285106801878186e+02,2.711650659245499355e+02
1.740812423055915133e+03,-1.550945410829865068e+03,-2.000370055491053563e+03,6.572429001628383958e+02,1.502718732116068736e+02,-9.938065491187902580e+02,-7.350937783161697325e+01,7.128211809721802865e+02,1.443561554781467180e+02,2.781627983374217479e+02,-8.473922496817249339e+01,5.051133301746249913e+02,-6.061713385422225429e+02,-2.441656207822468332e+02,-4.504016054831267013e+01,-1.344374621925368274e+00,2.885225040570638271e+02,4.376032789300154491e+00,3.729344836017402258e+02,-4.024990626042061876e+02
2.623099790110311915e+03,1.434672763826597702e+03,-2.545284315411576245e+03,9.173386643261950439e+02,1.051574591464935509e+02,-9.390287215014890307e+02,5.105869161495808157e+02,9.224729511931609522e+02,-1.564597778944067841e+01,2.866998742437625651e+02,-3.014444038184017245e+02,2.646009003882780348e+02,-4.796399013191320364e+02,-1.879856369963593465e+01,6.359828777378788800e+01,4.399361519442271629e+01,8.436016024353278908e+01,-2.292228855417014017e+02,3.190611300021943748e+02,-3.904958470013567506e+01
1.343155025534065885e+02,6.565889680913198845e+02,-7.728036954363308269e+02,-2.195808811193882093e+01,6.381924043085180642e+01,-5.960893261051292313e+01,2.170592973700776156e+02,9.392046663621787417e+00,1.291189584054759223e+02,-2.196352359891628794e+02,-1.637925860496833366e+02,-3.197350256973361411e+02,-5.180305908750191293e+02,-5.819675945880701562e+01,-2.165087491236935762e+02,1.015199677473757163e+02,6.911105338481186777e+01,1.031492266117863892e+02,-3.118693247151164272e+01,-2.621270010056321098e+01
1.225860593396071408e+03,5.436167941279946945e+02,-1.485085252909512519e+03,-9.397843882977228986e+02,-2.446564023896830236e+02,2.484387032972614975e+02,-9.225315912612418288e+02,5.530390471117477773e+02,2.060199020011451978e+02,-2.423331043865449601e+02,-1.920273954254475086e+02,-2.995161497618429394e+02,-4.972706654196813361e+02,2.268762947640345544e+02,-2.247238503957600813e+02,-2.409946023517101423e+02,-2.568988680041325097e+02,1.008358654538191814e+02,4.895416411090998565e+00,1.766929261411128778e+02
-8.762833307795847304e+02,-2.863488104398566520e+03,1.204396025800148891e+03,3.579136676143613158e+02,-4.646359247498419336e+02,3.842136184953618994e+01,-4.614041352805771226e+02,5.872498955838133838e+01,-6.282542268892143511e+00,-9.065952187201169465e+01,6.313668250886053102e+02,-2.125334163884613758e+02,5.330198427584679166e+01,1.451939478392268086e+02,3.783768897098489958e+01,1.534017951778355382e+01,1.214855688110792187e+02,1.064937669972955376e+02,7.219655864285252278e+01,-2.230947539934383315e+02
-1.760036084139451987e+03,-1.357309594931328775e+03,1.187572657482109889e+03,8.629570811650972928e+01,-2.859646132844825388e+02,1.105843776352405939e+03,-7.183121613744660863e+02,6.258497753813602458e+02,-3.908917319312304812e+02,-7.413218855809017782e+01,-5.001809292743503192e+02,3.020380103659808810e+02,4.768730794006458495e+01,-1.942654448043481352e+02,-3.260903888064490843e+02,-5.662772481055894787e+02,1.385863321502572774e+02,2.226438787143605680e+01,-1.081853711057980973e+02,-6.438798476678466898e+01
-6.377546175789121889e+02,1.778953190697972332e+03,-9.078196397921369680e+02,-2.389776151167683906e+02,-2.664075942940371533e-01,6.189665364948009483e+02,1.645171191968314020e+02,5.448389837528096677e+02,-3.230389406719169756e+02,-2.300917337721489559e+02,4.189757439652456696e+02,3.149383079535703018e+02,1.078022831994148305e+02,-1.684840431183733074e+02,-5.046656355875456939e+02,-1.071106936784541404e+02,-4.341167882114407348e+02,-2.864463624295284490e+02,-3.732116628961768470e+02,8.163204931242941029e+02
-1.452879156741696761e+03,3.089229072784470986e+01,-7.477466857315889115e+01,-8.852291690306633427e+02,-3.047546573903661056e+02,2.045067651645309468e+02,-2.480994596840798749e+02,3.873723798190829370e+01,-6.486787048364426482e+02,1.554015887720687488e+02,-5.799756234565672912e+02,1.639524446414306453e+02,-1.470503179018739388e+02,-3.062839562167816325e+02,2.592791374630143082e+02,1.149520440040602125e+02,-4.704357036884335912e+02,1.651756735590437870e+02,-1.410751470377338990e+01,4.215385752714875025e+02
-1.987240268025457453e+03,8.180479888199838570e+02,-2.097803892614838333e+03,1.252345392807355040e+02,-2.919809394947222927e+02,1.390912185386409021e+02,-4.039790983948793155e+02,4.028355875340968737e+02,-4.119089652397717032e+02,3.430125466307405304e+02,-4.798704485253385883e+02,-3.198065600906571149e+02,-1.767033068370085971e+02,2.234407063356890717e+02,-1.011188196817344931e+01,1.710335029575241208e+02,1.307208851628579964e+02,-2.072868365252985825e+02,1.459390705011136902e+02,-2.000598485549959094e+02
-7.762637396839552366e+02,-6.804476241166798900e+02,7.349753764838388861e+02,1.797682430865875745e+02,-5.867456362520529183e+02,-7.263674119496173489e+02,-3.385181276420673413e+01,8.519609145858299826e+02,-6.473850094959635726e+02,7.799122549297402429e+02,-4.226388121285973511e+02,9.053919853051611710e+01,3.626427546455936408e+02,-3.426532832075944839e+02,-1.140186230536825995e+01,-2.485312619117899544e+02,5.876329364765368268e+00,-1.093074146332927370e+02,-8.769912324073740706e+01,3.885810901395597057e+02
-3.842807330707557867e+02,1.998041436801169539e+03,-4.827450403712341540e+02,-1.310163752728964823e+02,1.954331082916015419e+02,6.949874935802579330e+02,2.690098089538454360e+02,-5.230117495233456282e+01,-7.469796919035673000e+01,-5.762119296460591613e+02,3.159763694099159466e+02,6.046931911579331427e+02,-2.972714959010483682e+01,8.546056128480819325e+01,-2.112931969212889669e+02,-1.685230328873111034e+02,-3.145953623743461094e+02,-1.820034725005041309e+02,9.454545128820900146e+00,2.425818387467636512e+02
-7.862806146765589119e+02,4.722367696651933784e+02,-7.493854794959422350e+01,-8.073263085767359826e+02,6.978694814922812384e+01,6.137335501584300346e+02,-3.358282535043144321e+02,-1.557547249059640535e+02,-5.567703717233199541e+02,1.814917962030994047e+01,-6.048543361604270103e+02,-1.295161686971553650e+02,3.340022774870945454e+00,-9.480880626266554145e+01,2.450365101652760700e+02,5.884659031649000838e+01,-6.275437600091464674e+00,1.753860792195418128e+02,6.804023795013083031e+01,1.900943635862467431e+02
-3.236001233042716194e+02,-3.267980378631702933e+02,1.672761164606311013e+03,3.662308236079448989e+02,-4.577489519532937265e+02,3.060300665446445691e+02,-4.735233618530909325e+02,-3.513707938148838821e+02,1.885408272827297935e+02,-5.947011688573143147e+02,2.257417231033699068e+02,7.085436077464797222e+01,-1.264282702806080465e+02,4.797560532916290867e+02,-1.484707120566162075e+02,-4.862363824973405713e+01,4.942736852573280260e+01,-8.182412438633014062e+01,3.357527559969240372e+01,-1.054552468040033943e+02
-2.217265889916152901e+03,-1.034728508024219764e+03,1.064555598945458570e+02,7.623208450839422312e+01,-1.215202221887939231e+03,-2.437938451106328444e+02,1.224926865265663594e+02,7.729642262047218537e+01,1.347213057107729810e+02,-2.965032863001378587e+02,-3.926880907202500453e+02,-3.798234337329478194e+01,-2.188742629343989847e+02,4.572449299956823552e+02,-2.490140588100803996e+02,1.095569025473453166e+02,1.994076429793195757e+02,-1.636974209316732640e+02,-5.559083897278484443e+01,-1.237678988903088708e+02
-1.068400750221510862e+03,1.060343139522306501e+03,1.025465449735337643e+03,3.955654147512986469e+02,-5.647311357343019154e+02,-4.118154469221851741e+02,-4.222777909453376424e+02,-1.005739375416766990e+01,3.806549741993895850e+02,-5.926563624325918909e+02,-2.226601555971122934e+02,-2.781020135791745815e+02,-8.341946602133295130e+01,1.600948618237455321e+02,-1.663626120529520449e+02,-8.064547581501429363e+00,9.051225806418952402e+01,-1.714799377220608108e+02,-1.087490811654946015e+02,-1.175453783100331009e+02
-1.917397373431023880e+03,-3.260335939855472702e+02,-1.170247116593506462e+03,1.395878988432992287e+02,-1.129602865514887981e+03,-5.671545670965033423e+02,2.198611966583263495e+02,3.102414935501974469e+02,2.742448500350910479e+01,-3.268826987084727307e+02,-3.056156339370231194e+02,3.171676596779551005e+01,-9.376657709542087105e+01,5.053462334612607378e+02,-1.564621539075383509e+02,1.406404333056820519e+02,3.092106388952846601e+02,3.529539384381234868e+01,1.273216084430400841e+01,7.166825032772834447e+01
-4.981657234848054827e+02,-1.011186495594109488e+03,-5.800358317488951343e+02,1.514275084215164782e+02,-2.389467867156297416e+02,6.095154623217310927e+02,2.183053465153221282e+02,-1.719697575851421618e+02,-2.439246900536180078e+02,-5.208409140487044624e+02,1.714089335377873908e+02,-2.416712986998123256e+02,-4.270872053784153621e+01,3.538559077906911625e+02,-3.412151502605099296e+01,2.651579628163483449e+02,1.811882272044840647e+02,-1.194597110450291098e+02,5.205879339489758451e+01,-2.270778231036173906e+02
-9.464967116632683428e+02,-2.739046728852124033e+03,-8.197132660540622737e+02,2.115765820854251444e+02,-2.547568444823046150e+02,2.082240892381258845e+02,-1.606065961820115717e+02,3.309314279761071020e+01,1.142645190508396382e+02,-1.921362152502850336e+02,-1.296658709058841623e+02,-3.596348689141698287e+02,-1.847522072519287804e+02,2.374120251783260187e+02,-7.519941406698936248e+01,-6.614492625668866310e+01,-1.267678344313163450e+02,-4.254077623385141464e+02,-1.639794188327568634e+02,-5.653903480322304631e+01
1.227236070498364370e+03,-1.631065020643637581e+03,8.653510498336922865e+02,-2.909097299536084620e+02,-3.670461543079834996e+02,6.411450412518948951e+02,6.855945126171823176e+02,-1.163558856525005183e+02,-4.805164712579300499e+02,-5.406323334952102186e+02,-9.756672920860259524e+01,2.701578425135912767e+02,-5.074461465333446597e+01,3.020802154626754827e+02,-2.220440481085750264e+02,4.747168858503297315e+02,2.908363336836702615e+02,-1.615671775830366528e+02,-2.174461098968438080e+02,1.190940652914027567e+02
-1.031437708984161645e+03,-1.340828613132620717e+02,-7.600379693011473137e+02,-2.013075350206956955e+02,-8.439845578023666803e+02,-8.581253572153135565e+02,4.344576316270752727e+02,-1.291374044179770806e+02,-3.414613384907966633e+02,-4.335220026367873061e+02,-2.174766641519629786e+02,-8.733124348171769213e+01,-3.527781685810005285e+01,2.470866293176831618e+02,1.678856242755523454e+01,3.260223313118239048e+02,-2.395216090486923406e+02,-2.925856842797549575e+02,-1.700314618950814634e+02,1.011970165552342706e+02
1.227236070498364370e+03,-1.631065020643637581e+03,8.653510498336922865e+02,-2.909097299536084620e+02,-3.670461543079834996e+02,6.411450412518948951e+02,6.855945126171823176e+02,-1.163558856525005183e+02,-4.805164712579300499e+02,-5.406323334952102186e+02,-9.756672920860259524e+01,2.701578425135912767e+02,-5.074461465333446597e+01,3.020802154626754827e+02,-2.220440481085750264e+02,4.747168858503297315e+02,2.908363336836702615e+02,-1.615671775830366528e+02,-2.174461098968438080e+02,1.190940652914027567e+02
-7.862806146765589119e+02,4.722367696651933784e+02,-7.493854794959422350e+01,-8.073263085767359826e+02,6.978694814922812384e+01,6.137335501584300346e+02,-3.358282535043144321e+02,-1.557547249059640535e+02,-5.567703717233199541e+02,1.814917962030994047e+01,-6.048543361604270103e+02,-1.295161686971553650e+02,3.340022774870945454e+00,-9.480880626266554145e+01,2.450365101652760700e+02,5.884659031649000838e+01,-6.275437600091464674e+00,1.753860792195418128e+02,6.804023795013083031e+01,1.900943635862467431e+02
